,CommitCommentEvent,CreateEvent,DeleteEvent,DownloadEvent,FollowEvent,ForkEvent,GistEvent,GollumEvent,IssueCommentEvent,IssuesEvent,MemberEvent,PublicEvent,PullRequestEvent,PullRequestReviewCommentEvent,PushEvent,ReleaseEvent,WatchEvent
2013-01-01,878.0,10770.0,618.0,8.0,2009.0,3712.0,449.0,2046.0,9450.0,7176.0,441.0,87.0,2472.0,396.0,47997.0,,9662.0
2013-01-02,1491.0,16367.0,1088.0,15.0,3175.0,5765.0,779.0,2738.0,13098.0,8067.0,792.0,140.0,5088.0,1246.0,73343.0,,15956.0
2013-01-03,1744.0,29179.0,1112.0,240.0,4606.0,6490.0,936.0,3117.0,13720.0,8033.0,895.0,159.0,5674.0,1410.0,78656.0,,15835.0
2013-01-04,1606.0,17347.0,1168.0,106.0,4210.0,6063.0,763.0,3268.0,13955.0,9859.0,798.0,140.0,5727.0,1260.0,75899.0,,15683.0
2013-01-05,983.0,13919.0,808.0,20.0,2771.0,4829.0,707.0,2345.0,8804.0,5928.0,614.0,97.0,3303.0,720.0,59961.0,,12232.0
2013-01-06,1269.0,14513.0,832.0,54.0,2748.0,4992.0,746.0,2410.0,9610.0,6587.0,647.0,98.0,3480.0,812.0,65854.0,,12703.0
2013-01-07,1860.0,20196.0,1299.0,44.0,4178.0,6983.0,615.0,3587.0,16556.0,9409.0,1079.0,191.0,6388.0,1803.0,85555.0,,16806.0
2013-01-08,1918.0,20978.0,1464.0,81.0,5045.0,6954.0,821.0,3397.0,17261.0,10001.0,1071.0,172.0,6602.0,1375.0,89946.0,,17527.0
2013-01-09,2078.0,20759.0,1417.0,106.0,4608.0,7452.0,814.0,3271.0,18877.0,10887.0,1057.0,170.0,7154.0,1809.0,92364.0,,17321.0
2013-01-10,1842.0,21350.0,1555.0,76.0,4878.0,7283.0,790.0,3217.0,19639.0,11901.0,1254.0,175.0,7285.0,1647.0,92467.0,,16300.0
2013-01-11,1690.0,18752.0,1272.0,64.0,3545.0,6512.0,651.0,3083.0,15506.0,14473.0,1015.0,163.0,6685.0,1516.0,82633.0,,14558.0
2013-01-12,1147.0,14154.0,909.0,50.0,2492.0,4669.0,599.0,2634.0,10033.0,7301.0,726.0,102.0,3660.0,778.0,63789.0,,10891.0
2013-01-13,1183.0,16764.0,1097.0,43.0,2850.0,5525.0,562.0,2740.0,10460.0,7134.0,744.0,109.0,4284.0,872.0,74826.0,,12295.0
2013-01-14,1971.0,21052.0,1465.0,22.0,7605.0,7389.0,1309.0,3571.0,17259.0,9469.0,1193.0,177.0,7477.0,1804.0,94519.0,,17546.0
2013-01-15,1763.0,22091.0,1557.0,65.0,4780.0,7746.0,1000.0,3300.0,18360.0,10846.0,1274.0,197.0,7286.0,1767.0,96224.0,,17908.0
2013-01-16,1794.0,22084.0,1532.0,89.0,4420.0,7498.0,1256.0,3730.0,16781.0,9962.0,1171.0,154.0,7467.0,1899.0,94451.0,,18198.0
2013-01-17,1883.0,21674.0,1609.0,89.0,4363.0,7863.0,1099.0,3285.0,21214.0,15381.0,1183.0,147.0,7031.0,1888.0,94882.0,,18501.0
2013-01-18,1741.0,19140.0,1323.0,60.0,3563.0,6759.0,936.0,2852.0,15750.0,9677.0,1227.0,230.0,6386.0,1392.0,84532.0,,15975.0
2013-01-19,1230.0,14771.0,1000.0,13.0,2846.0,4820.0,734.0,2257.0,9475.0,6376.0,877.0,96.0,3731.0,845.0,67373.0,,12125.0
2013-01-20,1202.0,16492.0,971.0,32.0,3131.0,5248.0,631.0,2563.0,10804.0,7163.0,723.0,107.0,4022.0,707.0,74158.0,,14102.0
2013-01-21,1897.0,21034.0,1424.0,21.0,3869.0,7059.0,1069.0,3332.0,16625.0,10073.0,1195.0,149.0,6875.0,1610.0,93863.0,,17307.0
2013-01-22,1856.0,23107.0,1563.0,15.0,4694.0,7870.0,925.0,3703.0,18068.0,11134.0,1294.0,185.0,7476.0,1560.0,97702.0,,18834.0
2013-01-23,1937.0,24710.0,1613.0,24.0,5116.0,8348.0,1027.0,4457.0,18483.0,11099.0,1370.0,154.0,7859.0,1875.0,99622.0,,19787.0
2013-01-24,2246.0,23556.0,1451.0,7.0,5054.0,8568.0,992.0,3860.0,17884.0,9971.0,1297.0,196.0,7544.0,1856.0,100069.0,,20566.0
2013-01-25,1602.0,20661.0,1455.0,11.0,4205.0,6920.0,933.0,3254.0,15471.0,8933.0,1459.0,178.0,6862.0,1494.0,89942.0,,17532.0
2013-01-26,1045.0,16422.0,1076.0,10.0,3134.0,5321.0,719.0,2310.0,11504.0,11529.0,995.0,104.0,4280.0,640.0,76196.0,,13046.0
2013-01-27,1412.0,17601.0,965.0,15.0,3976.0,5690.0,683.0,2763.0,12351.0,8661.0,852.0,115.0,4371.0,854.0,81089.0,,14753.0
2013-01-28,2146.0,23273.0,1589.0,12.0,4678.0,8050.0,873.0,3864.0,18349.0,10942.0,1419.0,178.0,7553.0,1473.0,98993.0,,19777.0
2013-01-29,2001.0,23889.0,1588.0,16.0,5367.0,8097.0,980.0,3595.0,19051.0,12287.0,1620.0,190.0,7790.0,1931.0,102662.0,,19886.0
2013-01-30,2081.0,24340.0,1707.0,9.0,4745.0,8086.0,811.0,4222.0,18957.0,11126.0,1450.0,187.0,8026.0,2084.0,110315.0,,20408.0
2013-01-31,1836.0,23947.0,1565.0,7.0,5338.0,7523.0,936.0,4190.0,19381.0,11543.0,1495.0,144.0,7625.0,1996.0,110273.0,,20501.0
2013-02-01,1731.0,21270.0,1417.0,155.0,4070.0,6376.0,1001.0,3343.0,15758.0,8964.0,1347.0,162.0,6689.0,1320.0,86660.0,,18159.0
2013-02-02,1334.0,16038.0,925.0,19.0,3330.0,5251.0,667.0,2357.0,11115.0,7993.0,880.0,111.0,4086.0,642.0,69078.0,,12458.0
2013-02-03,1199.0,17420.0,1084.0,16.0,3517.0,5396.0,548.0,2805.0,12432.0,8719.0,793.0,122.0,4240.0,679.0,76926.0,,14694.0
2013-02-04,1908.0,23335.0,1549.0,16.0,4850.0,7479.0,977.0,3879.0,18920.0,12729.0,1598.0,180.0,7447.0,1783.0,98911.0,,19777.0
2013-02-05,2174.0,24145.0,1576.0,15.0,4552.0,7848.0,902.0,3645.0,18122.0,10573.0,1661.0,211.0,7635.0,1849.0,100235.0,,20714.0
2013-02-06,2265.0,23235.0,1635.0,33.0,5036.0,7760.0,868.0,3342.0,20019.0,14839.0,1463.0,199.0,7926.0,1812.0,99344.0,,19921.0
2013-02-07,2256.0,23139.0,1635.0,50.0,4298.0,7466.0,1119.0,3109.0,21700.0,13779.0,1467.0,182.0,7543.0,2049.0,98661.0,,19784.0
2013-02-08,1799.0,19986.0,1524.0,17.0,3882.0,6302.0,972.0,3124.0,20100.0,11873.0,1224.0,156.0,7002.0,1607.0,88411.0,,16589.0
2013-02-09,1261.0,14583.0,900.0,10.0,2762.0,4534.0,634.0,2035.0,11284.0,7424.0,827.0,102.0,4122.0,795.0,67654.0,,11339.0
2013-02-10,1516.0,16310.0,1089.0,15.0,2641.0,4857.0,696.0,2429.0,16541.0,31417.0,761.0,133.0,4407.0,1008.0,77338.0,,12677.0
2013-02-11,1980.0,22461.0,1594.0,8.0,3909.0,6947.0,996.0,3127.0,18074.0,10506.0,1390.0,210.0,7533.0,2133.0,97603.0,,17611.0
2013-02-12,2150.0,24259.0,1645.0,16.0,4135.0,6987.0,99435.0,3327.0,21246.0,12202.0,1260.0,188.0,7477.0,2093.0,96991.0,,17698.0
2013-02-13,2199.0,22958.0,1549.0,18.0,4046.0,6937.0,901.0,3773.0,22769.0,12370.0,1395.0,194.0,7540.0,2061.0,97973.0,,18171.0
2013-02-14,2017.0,20794.0,1472.0,37.0,4436.0,6876.0,641.0,3671.0,20105.0,11340.0,1209.0,176.0,7383.0,1877.0,91717.0,,17991.0
2013-02-15,1795.0,20604.0,1498.0,30.0,3831.0,6708.0,768.0,3336.0,22719.0,14151.0,1234.0,277.0,6938.0,1505.0,87521.0,,17122.0
2013-02-16,1209.0,16577.0,1021.0,9.0,2898.0,5207.0,445.0,2625.0,28529.0,16799.0,919.0,104.0,4248.0,582.0,72013.0,,14487.0
2013-02-17,1363.0,18459.0,1015.0,12.0,3751.0,5604.0,809.0,2962.0,17159.0,13347.0,913.0,128.0,4520.0,907.0,80563.0,,15639.0
2013-02-18,2027.0,23372.0,1552.0,58.0,4246.0,7718.0,783.0,3635.0,19236.0,11699.0,1395.0,211.0,7351.0,1800.0,106211.0,,19699.0
2013-02-19,2342.0,25732.0,1765.0,15.0,4591.0,8273.0,1024.0,3840.0,23189.0,12839.0,1577.0,196.0,8219.0,2217.0,108904.0,,21496.0
2013-02-20,2075.0,24503.0,1727.0,12.0,4670.0,8127.0,958.0,3969.0,21474.0,12013.0,1457.0,204.0,8199.0,1922.0,109080.0,,20996.0
2013-02-21,2076.0,25707.0,1672.0,49.0,6041.0,8155.0,1215.0,3747.0,20370.0,12428.0,1553.0,200.0,8296.0,1952.0,109528.0,,19654.0
2013-02-22,1738.0,22416.0,1494.0,49.0,4201.0,6899.0,834.0,3181.0,17467.0,12506.0,1291.0,166.0,7268.0,1516.0,96413.0,,17681.0
2013-02-23,1169.0,18005.0,1094.0,20.0,3293.0,5277.0,749.0,2828.0,11376.0,7925.0,1071.0,111.0,4506.0,767.0,77537.0,,13185.0
2013-02-24,1343.0,20770.0,1284.0,12.0,3327.0,5909.0,898.0,2876.0,13589.0,9890.0,898.0,121.0,4978.0,934.0,87231.0,,16095.0
2013-02-25,2349.0,25708.0,1726.0,78.0,5285.0,8182.0,864.0,4343.0,21154.0,12136.0,1485.0,205.0,8543.0,1973.0,108489.0,,19939.0
2013-02-26,2363.0,25899.0,1811.0,10.0,5081.0,8448.0,1066.0,3969.0,21319.0,12899.0,1620.0,215.0,8629.0,1994.0,112568.0,,19765.0
2013-02-27,2666.0,25544.0,1871.0,4.0,4461.0,8549.0,980.0,3708.0,22263.0,13674.0,1503.0,232.0,8806.0,1931.0,112497.0,,20424.0
2013-02-28,2248.0,24523.0,1710.0,8.0,4513.0,8000.0,1115.0,3492.0,19278.0,12766.0,1509.0,220.0,8108.0,1907.0,109295.0,,19634.0
2013-03-01,2016.0,23569.0,1548.0,7.0,3936.0,7267.0,802.0,3092.0,17690.0,11302.0,1394.0,165.0,7579.0,1790.0,96604.0,,16832.0
2013-03-02,1295.0,18786.0,1062.0,7.0,3513.0,5301.0,654.0,2309.0,11266.0,8756.0,973.0,124.0,4706.0,785.0,78545.0,,12834.0
2013-03-03,1501.0,19827.0,1198.0,66.0,3781.0,6050.0,736.0,3022.0,12942.0,10062.0,1064.0,140.0,5581.0,1106.0,88056.0,,15786.0
2013-03-04,2466.0,26076.0,1714.0,18.0,4641.0,8683.0,1436.0,3751.0,21268.0,14538.0,1634.0,191.0,8557.0,2147.0,111210.0,,21517.0
2013-03-05,2074.0,25041.0,1767.0,26.0,4941.0,8443.0,1092.0,3693.0,20713.0,16856.0,1513.0,189.0,8499.0,1792.0,107160.0,,20924.0
2013-03-06,2195.0,25855.0,1824.0,18.0,4817.0,8834.0,1061.0,3818.0,20076.0,12221.0,1620.0,192.0,8888.0,1955.0,111315.0,,21492.0
2013-03-07,2296.0,25021.0,1729.0,13.0,4977.0,9410.0,1139.0,3922.0,23857.0,13892.0,1516.0,191.0,8366.0,2080.0,109122.0,,21356.0
2013-03-08,1704.0,22122.0,1563.0,31.0,4265.0,7559.0,1100.0,3666.0,20905.0,12346.0,1286.0,183.0,7487.0,1909.0,95521.0,,18784.0
2013-03-09,1343.0,21214.0,1801.0,55.0,3119.0,5470.0,811.0,2558.0,11076.0,7381.0,822.0,140.0,4540.0,681.0,75797.0,,13078.0
2013-03-10,1421.0,18198.0,1122.0,68.0,3211.0,5456.0,794.0,3464.0,12355.0,8094.0,833.0,129.0,4810.0,961.0,81876.0,,14253.0
2013-03-11,2366.0,25444.0,1721.0,27.0,5407.0,8712.0,825.0,4142.0,20995.0,12508.0,1644.0,198.0,8618.0,2403.0,112051.0,,20927.0
2013-03-12,2230.0,27207.0,1723.0,67.0,5204.0,8905.0,869.0,3949.0,26466.0,17879.0,1832.0,242.0,9129.0,2163.0,114427.0,,20920.0
2013-03-13,2242.0,25600.0,1703.0,15.0,5071.0,8287.0,1085.0,3900.0,20928.0,11594.0,1735.0,192.0,8603.0,2090.0,111995.0,,19893.0
2013-03-14,2000.0,25136.0,1571.0,3.0,5130.0,8945.0,966.0,3950.0,19720.0,11526.0,1621.0,220.0,8430.0,2112.0,109307.0,,20975.0
2013-03-15,1766.0,24415.0,1486.0,7.0,4029.0,7520.0,835.0,3906.0,18987.0,10820.0,2245.0,164.0,7474.0,2102.0,99705.0,,20981.0
2013-03-16,1072.0,17731.0,1017.0,3.0,3349.0,5740.0,695.0,2586.0,10974.0,8425.0,1007.0,128.0,4535.0,882.0,76038.0,,14548.0
2013-03-17,1103.0,20381.0,1205.0,26.0,3545.0,6343.0,705.0,3532.0,12831.0,8620.0,974.0,132.0,5302.0,1001.0,87700.0,,16550.0
2013-03-18,2266.0,25521.0,1804.0,60.0,5032.0,8801.0,823.0,4112.0,21230.0,12536.0,1733.0,214.0,8908.0,2717.0,114097.0,,24678.0
2013-03-19,2252.0,26578.0,1832.0,96.0,4830.0,9650.0,961.0,4294.0,22390.0,12784.0,1902.0,206.0,9329.0,2788.0,117519.0,,23196.0
2013-03-20,2454.0,26466.0,1893.0,55.0,4723.0,9433.0,1106.0,3964.0,22914.0,12857.0,1646.0,230.0,9201.0,2639.0,117914.0,,22727.0
2013-03-21,2342.0,26197.0,1865.0,32.0,4416.0,8764.0,1042.0,3947.0,23879.0,12419.0,1879.0,178.0,8740.0,2176.0,115596.0,,21009.0
2013-03-22,2226.0,22741.0,1636.0,63.0,4140.0,7658.0,967.0,3445.0,17805.0,10473.0,1569.0,183.0,7839.0,1846.0,103385.0,,19187.0
2013-03-23,1150.0,18083.0,1025.0,128.0,3029.0,5487.0,648.0,2540.0,10318.0,7587.0,1104.0,104.0,4539.0,1078.0,75244.0,,14512.0
2013-03-24,1555.0,22287.0,2267.0,64.0,3848.0,6550.0,661.0,2982.0,16714.0,10378.0,1107.0,142.0,5081.0,1066.0,92130.0,,16987.0
2013-03-25,2270.0,26764.0,1931.0,77.0,4986.0,8784.0,1070.0,3876.0,21050.0,12913.0,1804.0,223.0,9135.0,2271.0,117636.0,,21213.0
2013-03-26,2121.0,25623.0,1868.0,63.0,4525.0,8944.0,1172.0,3927.0,20823.0,27196.0,1610.0,221.0,9085.0,2175.0,120082.0,,23225.0
2013-03-27,2301.0,25110.0,1825.0,52.0,4592.0,9092.0,1201.0,3942.0,21887.0,23776.0,1606.0,209.0,9368.0,2483.0,115132.0,,22379.0
2013-03-28,2282.0,24044.0,1758.0,29.0,4262.0,8503.0,1050.0,3783.0,20535.0,12669.0,1244.0,191.0,8687.0,2092.0,111273.0,,21143.0
2013-03-29,1895.0,20164.0,1517.0,60.0,3798.0,7516.0,857.0,3124.0,16475.0,9762.0,1102.0,183.0,6957.0,1773.0,101918.0,,18499.0
2013-03-30,1212.0,16271.0,932.0,73.0,2921.0,5228.0,573.0,2699.0,10817.0,7393.0,876.0,102.0,4470.0,801.0,80029.0,,13515.0
2013-03-31,3239.0,16829.0,1028.0,86.0,2942.0,6146.0,549.0,2539.0,9997.0,6796.0,789.0,113.0,4351.0,761.0,84632.0,,16286.0
2013-04-01,2222.0,26512.0,2859.0,66.0,4170.0,7814.0,600.0,3912.0,17821.0,12553.0,1396.0,187.0,7397.0,1814.0,110984.0,,20355.0
2013-04-02,2224.0,25937.0,1797.0,74.0,5127.0,9020.0,907.0,4239.0,21944.0,13067.0,1643.0,178.0,9209.0,1978.0,115707.0,,24761.0
2013-04-03,2094.0,25908.0,1837.0,39.0,4709.0,8692.0,1167.0,4101.0,22506.0,13328.0,1727.0,210.0,9066.0,2290.0,112590.0,,22965.0
2013-04-04,2323.0,25669.0,1878.0,7.0,4382.0,8096.0,1272.0,3804.0,21058.0,12683.0,1835.0,205.0,8888.0,1720.0,112315.0,,20827.0
2013-04-05,2010.0,23338.0,1784.0,56.0,4423.0,7515.0,909.0,3652.0,19054.0,11503.0,1402.0,174.0,8144.0,1662.0,106550.0,,18955.0
2013-04-06,1275.0,18184.0,1120.0,15.0,3175.0,6205.0,461.0,2715.0,11252.0,10562.0,1002.0,112.0,4956.0,815.0,83029.0,,15534.0
2013-04-07,1409.0,19984.0,1562.0,86.0,3700.0,6368.0,563.0,2986.0,13745.0,9328.0,1068.0,157.0,5409.0,949.0,94924.0,,17305.0
2013-04-08,2445.0,26582.0,2069.0,82.0,5866.0,9187.0,856.0,3733.0,21932.0,12471.0,1769.0,199.0,9320.0,2069.0,120960.0,,22517.0
2013-04-09,2516.0,28223.0,1971.0,41.0,4856.0,9572.0,980.0,3945.0,22693.0,12632.0,1739.0,227.0,9508.0,2178.0,119813.0,,23378.0
2013-04-10,2212.0,26112.0,1922.0,55.0,4865.0,9020.0,859.0,4619.0,21974.0,12812.0,1695.0,214.0,9422.0,2518.0,119697.0,,22691.0
2013-04-11,2254.0,26886.0,2055.0,122.0,5326.0,8985.0,865.0,4458.0,21744.0,12178.0,1697.0,184.0,9429.0,2411.0,119926.0,,22650.0
2013-04-12,1978.0,24341.0,2612.0,65.0,4370.0,7863.0,849.0,3608.0,19637.0,11738.0,1527.0,162.0,8623.0,2360.0,108192.0,,20417.0
2013-04-13,1164.0,19646.0,1327.0,85.0,3398.0,5577.0,531.0,2902.0,11166.0,10037.0,1122.0,136.0,4657.0,822.0,81176.0,,14821.0
2013-04-14,1337.0,19899.0,1338.0,92.0,3106.0,5947.0,504.0,3250.0,12671.0,8282.0,1013.0,168.0,4990.0,947.0,88405.0,,16297.0
2013-04-15,2060.0,26554.0,1930.0,72.0,4833.0,8455.0,952.0,3840.0,21603.0,12275.0,1865.0,224.0,8945.0,2275.0,114752.0,,22403.0
2013-04-16,2269.0,26889.0,1930.0,41.0,5026.0,9459.0,871.0,3985.0,20803.0,13619.0,1702.0,221.0,9143.0,2541.0,120477.0,,23028.0
2013-04-17,2187.0,28839.0,2042.0,71.0,5551.0,8810.0,852.0,3812.0,21276.0,12578.0,1656.0,193.0,9230.0,2254.0,124922.0,,22446.0
2013-04-18,2093.0,26204.0,2023.0,111.0,4690.0,8850.0,998.0,3760.0,35749.0,17199.0,1554.0,197.0,8964.0,2737.0,124586.0,,21125.0
2013-04-19,1902.0,22631.0,1783.0,91.0,4096.0,7506.0,687.0,3231.0,30635.0,15627.0,1478.0,193.0,7677.0,1802.0,107535.0,,19319.0
2013-04-20,1115.0,17748.0,1076.0,30.0,3036.0,5511.0,594.0,2680.0,10821.0,7403.0,1145.0,108.0,4678.0,775.0,88783.0,,14823.0
2013-04-21,1258.0,19127.0,1251.0,28.0,3367.0,6018.0,491.0,3081.0,22566.0,9875.0,1039.0,121.0,5736.0,1251.0,93048.0,,15470.0
2013-04-22,2154.0,25861.0,1994.0,59.0,4594.0,8747.0,1211.0,3651.0,32779.0,19095.0,1804.0,163.0,9635.0,2486.0,121711.0,,22101.0
2013-04-23,2245.0,27094.0,1975.0,7.0,5243.0,8918.0,937.0,3768.0,27610.0,15385.0,1669.0,241.0,9648.0,2331.0,126543.0,,21986.0
2013-04-24,2314.0,25809.0,1882.0,42.0,4984.0,9184.0,933.0,3895.0,39304.0,18571.0,1545.0,204.0,9298.0,2693.0,121319.0,,21148.0
2013-04-25,2030.0,24965.0,1876.0,39.0,4860.0,8707.0,770.0,4057.0,27345.0,14318.0,1393.0,206.0,8857.0,2565.0,117443.0,,20943.0
2013-04-26,1680.0,22803.0,1647.0,67.0,3907.0,7652.0,1065.0,3086.0,19357.0,11955.0,1263.0,197.0,7707.0,1949.0,99384.0,,18455.0
2013-04-27,1199.0,17560.0,1142.0,78.0,3087.0,5848.0,669.0,2303.0,10850.0,6917.0,1019.0,128.0,4683.0,806.0,83539.0,,13884.0
2013-04-28,1326.0,18846.0,1215.0,45.0,3234.0,5609.0,697.0,2808.0,13038.0,9000.0,941.0,139.0,5084.0,934.0,93983.0,,14864.0
2013-04-29,2135.0,25068.0,1829.0,60.0,4165.0,8078.0,684.0,3866.0,20877.0,12071.0,1384.0,214.0,8847.0,2719.0,117536.0,,18745.0
2013-04-30,2026.0,24471.0,1819.0,86.0,3826.0,7598.0,591.0,3617.0,20156.0,11175.0,1353.0,237.0,9047.0,2509.0,112879.0,,19093.0
2013-05-01,1967.0,23130.0,1645.0,71.0,3759.0,7457.0,676.0,3388.0,19627.0,10951.0,1240.0,194.0,8332.0,2173.0,110999.0,,18195.0
2013-05-02,2342.0,24775.0,1792.0,30.0,4198.0,8549.0,903.0,4056.0,20497.0,11753.0,1475.0,215.0,9059.0,2469.0,115718.0,,21414.0
2013-05-03,1940.0,21849.0,1657.0,48.0,3814.0,7460.0,850.0,4038.0,18110.0,10352.0,1210.0,224.0,8367.0,1950.0,103752.0,,19546.0
2013-05-04,1265.0,16872.0,1000.0,50.0,2989.0,5397.0,589.0,2425.0,12650.0,8855.0,905.0,105.0,4109.0,719.0,78188.0,,13267.0
2013-05-05,1306.0,18244.0,1160.0,26.0,3287.0,5893.0,579.0,3147.0,11944.0,8077.0,878.0,157.0,4657.0,855.0,87248.0,,15528.0
2013-05-06,2236.0,29374.0,1784.0,63.0,4461.0,8120.0,760.0,3676.0,20241.0,13293.0,1585.0,191.0,8198.0,1961.0,113304.0,,21426.0
2013-05-07,2324.0,25231.0,1876.0,56.0,4341.0,8289.0,1212.0,3647.0,20050.0,13763.0,1471.0,229.0,8614.0,2226.0,114061.0,,21422.0
2013-05-08,2346.0,26675.0,1883.0,56.0,4463.0,8662.0,829.0,3574.0,21774.0,14406.0,1519.0,259.0,9103.0,2416.0,117995.0,,22236.0
2013-05-09,2163.0,24366.0,1737.0,40.0,4598.0,8112.0,946.0,3737.0,18905.0,11230.0,1381.0,293.0,8641.0,2287.0,118872.0,,20597.0
2013-05-10,2067.0,22697.0,1718.0,49.0,3723.0,7416.0,1020.0,3332.0,17791.0,10153.0,1163.0,189.0,7970.0,1964.0,104335.0,,17748.0
2013-05-11,1331.0,16979.0,1030.0,68.0,2815.0,4996.0,668.0,2429.0,10963.0,7278.0,604.0,140.0,4508.0,808.0,77554.0,,13160.0
2013-05-12,1154.0,17379.0,1224.0,70.0,3124.0,5606.0,700.0,3081.0,12045.0,7905.0,634.0,136.0,4643.0,850.0,86854.0,,15227.0
2013-05-13,2288.0,25035.0,2034.0,84.0,4471.0,8379.0,1084.0,3908.0,22725.0,12937.0,1312.0,239.0,9252.0,2244.0,121252.0,,22925.0
2013-05-14,2568.0,26221.0,1907.0,76.0,4730.0,8635.0,1131.0,4137.0,21141.0,12733.0,1267.0,212.0,9267.0,2372.0,123820.0,,21551.0
2013-05-15,2382.0,25861.0,1872.0,75.0,4364.0,8436.0,902.0,3894.0,20710.0,11565.0,1177.0,223.0,9524.0,2313.0,118857.0,,20547.0
2013-05-16,2281.0,25984.0,1858.0,53.0,4889.0,8028.0,1129.0,3566.0,21029.0,11868.0,1157.0,214.0,9355.0,2552.0,119746.0,,21560.0
2013-05-17,2023.0,23454.0,1638.0,55.0,3863.0,7076.0,911.0,3136.0,17559.0,10281.0,941.0,192.0,8198.0,2148.0,107241.0,,18930.0
2013-05-18,1098.0,16525.0,1079.0,41.0,2739.0,5231.0,556.0,2148.0,10409.0,6996.0,667.0,151.0,4752.0,823.0,76643.0,,12949.0
2013-05-19,1663.0,18363.0,1757.0,124.0,3324.0,5758.0,531.0,2530.0,11447.0,7891.0,747.0,138.0,5216.0,1205.0,88398.0,,16325.0
2013-05-20,2164.0,26335.0,1765.0,72.0,4273.0,7793.0,1140.0,3018.0,20369.0,13272.0,956.0,225.0,8581.0,2157.0,115240.0,,19742.0
2013-05-21,2021.0,25848.0,1898.0,61.0,4545.0,8882.0,903.0,3594.0,21124.0,14390.0,1182.0,209.0,9579.0,2220.0,120580.0,,22123.0
2013-05-22,2285.0,25942.0,1896.0,86.0,4747.0,8931.0,997.0,3857.0,22279.0,15178.0,1198.0,246.0,9801.0,2571.0,123473.0,,21809.0
2013-05-23,2025.0,25448.0,1851.0,56.0,4935.0,8466.0,933.0,3572.0,20832.0,12465.0,1208.0,217.0,9547.0,2376.0,119918.0,,21265.0
2013-05-24,1886.0,22119.0,1802.0,46.0,4384.0,7150.0,833.0,3203.0,17432.0,16066.0,999.0,181.0,8422.0,1767.0,106282.0,,18540.0
2013-05-25,1016.0,15833.0,1125.0,43.0,2823.0,5008.0,498.0,2148.0,10280.0,6925.0,599.0,135.0,4524.0,758.0,76569.0,,12632.0
2013-05-26,1125.0,17078.0,1117.0,143.0,3658.0,5464.0,626.0,3113.0,17475.0,10896.0,499.0,116.0,4456.0,784.0,85138.0,,14562.0
2013-05-27,1977.0,22498.0,1563.0,79.0,3870.0,7428.0,596.0,3325.0,23139.0,17990.0,952.0,190.0,7319.0,1608.0,110645.0,,18617.0
2013-05-28,2292.0,26566.0,2059.0,71.0,4961.0,8669.0,925.0,3883.0,21455.0,13981.0,1186.0,216.0,9661.0,2365.0,120974.0,,23514.0
2013-05-29,2090.0,25687.0,1969.0,126.0,4693.0,8549.0,863.0,3868.0,22097.0,12730.0,1168.0,233.0,9753.0,2338.0,121158.0,,22532.0
2013-05-30,2191.0,26023.0,1911.0,50.0,4448.0,8028.0,910.0,4182.0,20496.0,12239.0,1037.0,209.0,8991.0,2358.0,116546.0,,20666.0
2013-05-31,1624.0,22735.0,1653.0,30.0,3674.0,6505.0,960.0,3150.0,17848.0,10404.0,955.0,179.0,8019.0,1922.0,100314.0,,17841.0
2013-06-01,1221.0,16481.0,1066.0,30.0,3164.0,5437.0,2332.0,2666.0,11529.0,7839.0,799.0,122.0,4757.0,989.0,81142.0,,13411.0
2013-06-02,1597.0,18447.0,1127.0,27.0,3056.0,5442.0,4109.0,2805.0,11486.0,7680.0,682.0,155.0,4956.0,1029.0,86990.0,,14332.0
2013-06-03,2317.0,27334.0,1877.0,26.0,4486.0,8477.0,2258.0,3573.0,21489.0,12456.0,1303.0,223.0,9594.0,2651.0,122768.0,,20932.0
2013-06-04,2079.0,27978.0,2002.0,49.0,4681.0,8971.0,921.0,3625.0,21953.0,12967.0,1276.0,266.0,9986.0,2355.0,127687.0,,22737.0
2013-06-05,2330.0,27306.0,2045.0,25.0,4623.0,8693.0,837.0,3705.0,21422.0,12370.0,1137.0,233.0,9610.0,2332.0,121524.0,,23326.0
2013-06-06,2114.0,28100.0,1870.0,26.0,4469.0,8450.0,808.0,3583.0,21343.0,13117.0,1195.0,186.0,9650.0,2580.0,122056.0,,21692.0
2013-06-07,1984.0,23246.0,1669.0,39.0,4195.0,8071.0,1038.0,3679.0,18478.0,10637.0,1043.0,195.0,8534.0,2055.0,108312.0,,19152.0
2013-06-08,1092.0,16840.0,1048.0,88.0,2906.0,5384.0,413.0,2501.0,10930.0,8478.0,625.0,114.0,4537.0,919.0,77456.0,,14184.0
2013-06-09,1531.0,17615.0,1098.0,72.0,2983.0,5477.0,816.0,2762.0,11658.0,9578.0,561.0,119.0,4842.0,897.0,84564.0,,13984.0
2013-06-10,2189.0,23839.0,1812.0,98.0,4837.0,7402.0,962.0,3794.0,19563.0,13744.0,1048.0,260.0,8470.0,2607.0,115109.0,,17842.0
2013-06-11,2252.0,24149.0,1887.0,66.0,4083.0,7629.0,1291.0,3422.0,19413.0,13339.0,982.0,314.0,9027.0,2585.0,113537.0,,17723.0
2013-06-12,2307.0,31045.0,2165.0,56.0,4575.0,7913.0,1363.0,4127.0,21043.0,13862.0,1012.0,282.0,9328.0,2610.0,115374.0,,18781.0
2013-06-13,2099.0,25511.0,2297.0,40.0,4689.0,8748.0,1209.0,3525.0,25534.0,17409.0,975.0,329.0,9501.0,2605.0,117091.0,,20128.0
2013-06-14,1833.0,22095.0,1915.0,38.0,3828.0,7738.0,1377.0,3203.0,17654.0,12250.0,897.0,317.0,8191.0,1985.0,102276.0,,17610.0
2013-06-15,1131.0,16007.0,1203.0,5.0,2583.0,5241.0,952.0,2709.0,10004.0,8409.0,610.0,105.0,4159.0,676.0,71028.0,,12314.0
2013-06-16,1240.0,17860.0,1496.0,7.0,3158.0,5657.0,773.0,2889.0,10826.0,8936.0,512.0,143.0,4423.0,676.0,81317.0,,13999.0
2013-06-17,2153.0,26574.0,2075.0,37.0,4464.0,9028.0,991.0,4737.0,21127.0,13545.0,1034.0,257.0,9706.0,2611.0,116751.0,,21579.0
2013-06-18,2411.0,29658.0,2052.0,8.0,4589.0,9506.0,1434.0,5259.0,21573.0,14492.0,1178.0,227.0,9909.0,2906.0,122158.0,,22525.0
2013-06-19,2299.0,32476.0,2131.0,3.0,4209.0,9445.0,1360.0,4483.0,22789.0,15073.0,1138.0,227.0,9711.0,2615.0,119170.0,,21894.0
2013-06-20,2193.0,25493.0,1921.0,4.0,4155.0,8963.0,1079.0,4392.0,22896.0,16439.0,944.0,202.0,9303.0,2470.0,115516.0,,20966.0
2013-06-21,1927.0,27408.0,1697.0,34.0,3822.0,7328.0,834.0,11651.0,17394.0,12625.0,867.0,183.0,7943.0,1853.0,103217.0,,17765.0
2013-06-22,1087.0,20482.0,972.0,80.0,2502.0,5551.0,572.0,12105.0,10455.0,7707.0,582.0,135.0,4030.0,768.0,70529.0,,13670.0
2013-06-23,1595.0,23342.0,1121.0,61.0,2840.0,5888.0,525.0,14181.0,11646.0,8007.0,607.0,147.0,4880.0,1577.0,84330.0,,16329.0
2013-06-24,1994.0,32026.0,1940.0,96.0,4515.0,8767.0,941.0,15766.0,20741.0,13055.0,1085.0,220.0,9589.0,2882.0,118126.0,,22663.0
2013-06-25,2656.0,32019.0,2064.0,78.0,4530.0,9560.0,1055.0,14321.0,25270.0,16183.0,1162.0,278.0,10228.0,2704.0,123967.0,,22743.0
2013-06-26,2440.0,31355.0,2146.0,71.0,5089.0,9872.0,1156.0,13846.0,20934.0,12424.0,1081.0,262.0,10088.0,2909.0,120887.0,,22495.0
2013-06-27,2545.0,31094.0,1983.0,59.0,5187.0,9549.0,956.0,10796.0,27645.0,20223.0,1002.0,233.0,9791.0,2903.0,117286.0,,22079.0
2013-06-28,1795.0,30374.0,1603.0,56.0,3935.0,9085.0,1070.0,5888.0,17559.0,11387.0,913.0,226.0,8077.0,2249.0,103559.0,,19921.0
2013-06-29,899.0,19288.0,1049.0,57.0,2845.0,5974.0,1268.0,4484.0,10584.0,6891.0,584.0,140.0,4368.0,948.0,73195.0,,14104.0
2013-06-30,1144.0,22338.0,1146.0,3.0,2907.0,6447.0,1267.0,4288.0,11919.0,7918.0,496.0,169.0,4732.0,836.0,80154.0,,15618.0
2013-07-01,2266.0,32286.0,1869.0,8.0,4226.0,9617.0,1374.0,5435.0,20493.0,11778.0,1197.0,228.0,8926.0,2438.0,116348.0,,21535.0
2013-07-02,2369.0,26784.0,1938.0,7.0,4608.0,10116.0,917.0,3901.0,20768.0,12600.0,1042.0,210.0,9513.0,2794.0,114278.0,1165.0,21541.0
2013-07-03,2221.0,27114.0,2000.0,3.0,4298.0,9924.0,2526.0,3495.0,20465.0,12295.0,990.0,268.0,9388.0,2668.0,116559.0,1241.0,22285.0
2013-07-04,1833.0,26284.0,1700.0,6.0,3624.0,9099.0,1382.0,6808.0,15977.0,10559.0,774.0,216.0,7179.0,1744.0,102079.0,663.0,18678.0
2013-07-05,1800.0,23097.0,1593.0,6.0,3743.0,8627.0,1100.0,3019.0,19627.0,15491.0,856.0,230.0,7592.0,1942.0,105580.0,423.0,17023.0
2013-07-06,1015.0,16836.0,970.0,1.0,2637.0,6108.0,662.0,2421.0,9772.0,7083.0,483.0,145.0,4001.0,691.0,74613.0,510.0,12417.0
2013-07-07,1409.0,19211.0,1208.0,1.0,2918.0,7409.0,680.0,2842.0,11446.0,8039.0,545.0,173.0,4806.0,976.0,86984.0,305.0,15530.0
2013-07-08,2567.0,27963.0,2067.0,5.0,4468.0,11515.0,1359.0,4188.0,21620.0,13388.0,1031.0,311.0,9664.0,2963.0,124319.0,554.0,25251.0
2013-07-09,2395.0,31350.0,2092.0,2.0,4863.0,12020.0,978.0,4398.0,21693.0,13100.0,978.0,277.0,9879.0,2826.0,131842.0,534.0,23676.0
2013-07-10,2508.0,30624.0,2181.0,7.0,5352.0,13380.0,1052.0,4748.0,22298.0,12481.0,973.0,285.0,9667.0,3016.0,136336.0,471.0,22782.0
2013-07-11,2348.0,28886.0,2112.0,1.0,4859.0,11549.0,1104.0,3890.0,23234.0,12986.0,964.0,256.0,9431.0,3330.0,130497.0,425.0,21669.0
2013-07-12,1855.0,22502.0,1772.0,,4457.0,8808.0,853.0,3367.0,18734.0,11393.0,915.0,214.0,8286.0,2602.0,111180.0,369.0,18743.0
2013-07-13,1160.0,16106.0,963.0,,3283.0,6122.0,614.0,2289.0,9530.0,6376.0,606.0,143.0,3917.0,956.0,78445.0,311.0,13011.0
2013-07-14,1433.0,19091.0,1166.0,,3454.0,6900.0,630.0,2964.0,12163.0,8569.0,491.0,134.0,4419.0,921.0,88249.0,316.0,16067.0
2013-07-15,2535.0,27732.0,2041.0,,5076.0,10465.0,1131.0,3581.0,24695.0,14311.0,1069.0,219.0,9742.0,2958.0,132086.0,365.0,23014.0
2013-07-16,2878.0,28339.0,2055.0,,6650.0,10585.0,1083.0,4028.0,22166.0,12730.0,1060.0,217.0,9947.0,3305.0,127447.0,366.0,23489.0
2013-07-17,2544.0,28200.0,2121.0,,5352.0,11269.0,1287.0,4424.0,22395.0,13898.0,1067.0,258.0,10053.0,3088.0,127579.0,416.0,22928.0
2013-07-18,2387.0,27735.0,2072.0,,5985.0,10463.0,1185.0,3686.0,22237.0,12615.0,927.0,253.0,10412.0,2763.0,128693.0,361.0,23386.0
2013-07-19,1894.0,23970.0,1791.0,,4768.0,8643.0,1015.0,3137.0,18860.0,11157.0,896.0,249.0,8825.0,2624.0,112814.0,389.0,18979.0
2013-07-20,992.0,16926.0,1043.0,,3022.0,5849.0,671.0,2456.0,10292.0,6784.0,611.0,113.0,4148.0,884.0,78631.0,330.0,13154.0
2013-07-21,1203.0,17773.0,1158.0,,3427.0,6809.0,533.0,2680.0,11591.0,8429.0,475.0,118.0,4867.0,1046.0,85744.0,258.0,16463.0
2013-07-22,2404.0,27378.0,2025.0,,5464.0,11375.0,910.0,3992.0,22343.0,12939.0,1030.0,221.0,9748.0,2999.0,127961.0,325.0,23728.0
2013-07-23,2453.0,28261.0,2103.0,,5913.0,11057.0,959.0,4093.0,22309.0,13744.0,1041.0,233.0,10301.0,2901.0,128842.0,403.0,23730.0
2013-07-24,2450.0,29804.0,2092.0,,5998.0,10386.0,1043.0,3627.0,22058.0,13759.0,1162.0,202.0,9856.0,3298.0,124185.0,496.0,22369.0
2013-07-25,2399.0,28432.0,2042.0,,5623.0,10493.0,1057.0,3778.0,22491.0,13305.0,988.0,204.0,9976.0,2959.0,124027.0,384.0,22247.0
2013-07-26,1949.0,25313.0,1763.0,,5019.0,8864.0,883.0,3481.0,19792.0,11638.0,908.0,202.0,8681.0,2737.0,109232.0,405.0,20456.0
2013-07-27,1297.0,17306.0,1042.0,,3110.0,6147.0,1103.0,2341.0,10745.0,8082.0,620.0,117.0,4717.0,875.0,76831.0,278.0,14128.0
2013-07-28,1385.0,19055.0,1169.0,,3453.0,6673.0,921.0,2707.0,12861.0,9217.0,540.0,152.0,4872.0,1005.0,85394.0,288.0,16002.0
2013-07-29,2207.0,27405.0,2059.0,,5049.0,10258.0,1048.0,4128.0,22646.0,13221.0,936.0,214.0,9941.0,3025.0,121604.0,432.0,23756.0
2013-07-30,2439.0,27916.0,2087.0,,5115.0,10709.0,1095.0,4400.0,22814.0,14808.0,1129.0,243.0,10373.0,3674.0,127269.0,400.0,25157.0
2013-07-31,2500.0,27570.0,2123.0,,4747.0,10474.0,923.0,4271.0,22375.0,13655.0,983.0,176.0,10338.0,3247.0,125974.0,380.0,23655.0
2013-08-01,2240.0,28440.0,2093.0,,,11418.0,1578.0,3834.0,21704.0,12915.0,1049.0,215.0,10136.0,2627.0,123541.0,401.0,24252.0
2013-08-02,1634.0,23612.0,1766.0,,68.0,9562.0,1137.0,3374.0,19121.0,12029.0,908.0,203.0,9010.0,2212.0,109211.0,439.0,21667.0
2013-08-03,1170.0,18293.0,1220.0,,5635.0,6677.0,651.0,5019.0,9839.0,6534.0,496.0,117.0,4556.0,915.0,76492.0,250.0,14825.0
2013-08-04,1248.0,19902.0,1204.0,,3684.0,6654.0,930.0,3103.0,12065.0,7919.0,504.0,130.0,5019.0,1045.0,89126.0,287.0,15980.0
2013-08-05,2387.0,28415.0,2094.0,,4867.0,9948.0,1017.0,3855.0,22415.0,13007.0,955.0,202.0,9834.0,3084.0,125455.0,401.0,23236.0
2013-08-06,2386.0,30192.0,2139.0,,5351.0,10110.0,1011.0,4241.0,23948.0,14130.0,968.0,216.0,10635.0,2904.0,143211.0,477.0,22919.0
2013-08-07,2503.0,30575.0,2305.0,,6775.0,11163.0,1577.0,4026.0,23396.0,14498.0,959.0,226.0,10790.0,3327.0,134621.0,472.0,23385.0
2013-08-08,2561.0,27162.0,2231.0,,8520.0,10430.0,1486.0,6078.0,22681.0,13948.0,853.0,208.0,10267.0,2856.0,126074.0,370.0,22891.0
2013-08-09,1875.0,24448.0,1930.0,,7343.0,9250.0,1163.0,6066.0,18963.0,11939.0,868.0,202.0,8755.0,2714.0,110778.0,379.0,19751.0
2013-08-10,1028.0,17314.0,1058.0,,7627.0,6549.0,647.0,4249.0,10583.0,7341.0,478.0,115.0,4476.0,870.0,79598.0,295.0,14208.0
2013-08-11,1494.0,20040.0,1400.0,,7008.0,7397.0,657.0,2649.0,12351.0,8057.0,501.0,107.0,5222.0,1122.0,89746.0,284.0,17513.0
2013-08-12,2266.0,27536.0,2538.0,,9265.0,10722.0,1497.0,3354.0,22985.0,13335.0,842.0,190.0,10229.0,2839.0,123668.0,410.0,24040.0
2013-08-13,2164.0,28475.0,2490.0,,9322.0,11372.0,1290.0,3530.0,23593.0,13162.0,996.0,222.0,10591.0,2934.0,124915.0,361.0,26579.0
2013-08-14,2439.0,29207.0,2501.0,,8234.0,11004.0,1213.0,3646.0,22884.0,13155.0,938.0,225.0,10922.0,2841.0,124257.0,431.0,26581.0
2013-08-15,2007.0,25393.0,2028.0,,6789.0,9634.0,985.0,3204.0,19290.0,11499.0,756.0,224.0,9318.0,2344.0,108971.0,421.0,21284.0
2013-08-16,1727.0,25912.0,2325.0,,7417.0,9515.0,955.0,2936.0,19247.0,14348.0,804.0,157.0,8934.0,2262.0,104783.0,329.0,21309.0
2013-08-17,1143.0,22136.0,2219.0,,6198.0,7357.0,789.0,2323.0,11369.0,7569.0,532.0,96.0,4666.0,799.0,79344.0,286.0,15960.0
2013-08-18,1394.0,23101.0,2429.0,,6712.0,7751.0,1918.0,2539.0,14399.0,9296.0,503.0,116.0,5415.0,1153.0,89685.0,268.0,19189.0
2013-08-19,2488.0,31160.0,3306.0,,8486.0,11699.0,3758.0,3893.0,24033.0,14082.0,917.0,241.0,10734.0,2942.0,123461.0,436.0,26047.0
2013-08-20,2568.0,32296.0,3180.0,,7896.0,11057.0,4939.0,3914.0,23511.0,13790.0,1010.0,232.0,10963.0,3018.0,126792.0,525.0,26821.0
2013-08-21,2433.0,31573.0,3107.0,,8047.0,11219.0,4278.0,4077.0,23303.0,15028.0,821.0,214.0,11395.0,3261.0,129169.0,476.0,27078.0
2013-08-22,2557.0,30396.0,2859.0,,7912.0,10917.0,3909.0,3979.0,25284.0,16964.0,874.0,263.0,10206.0,3301.0,123927.0,389.0,24796.0
2013-08-23,1869.0,27889.0,2770.0,,7096.0,9335.0,3209.0,3135.0,19269.0,12205.0,873.0,177.0,8980.0,2652.0,109979.0,355.0,21854.0
2013-08-24,1138.0,20306.0,2145.0,,5983.0,6725.0,2196.0,2118.0,11082.0,7615.0,567.0,127.0,4630.0,723.0,80599.0,255.0,15920.0
2013-08-25,1373.0,22438.0,2124.0,,6268.0,7183.0,2388.0,2731.0,12277.0,8323.0,470.0,162.0,5177.0,1359.0,89737.0,353.0,16950.0
2013-08-26,2377.0,30489.0,3107.0,,7683.0,10615.0,3625.0,3944.0,23669.0,14883.0,935.0,222.0,10241.0,3190.0,122193.0,388.0,24046.0
2013-08-27,2227.0,32498.0,2932.0,,8047.0,10962.0,4177.0,4132.0,24088.0,14768.0,1138.0,242.0,11005.0,3267.0,129565.0,397.0,26299.0
2013-08-28,2475.0,31411.0,3115.0,,7349.0,10907.0,3856.0,3981.0,23376.0,14188.0,1008.0,256.0,11142.0,3181.0,129635.0,381.0,25273.0
2013-08-29,2703.0,31207.0,3103.0,,7071.0,11107.0,3663.0,4172.0,22454.0,13308.0,1123.0,213.0,10896.0,3062.0,128680.0,381.0,25371.0
2013-08-30,1899.0,27686.0,2795.0,,4601.0,8536.0,3094.0,3163.0,20033.0,12285.0,843.0,193.0,9363.0,2571.0,109395.0,473.0,20507.0
2013-08-31,1139.0,21242.0,1812.0,,2840.0,5908.0,1985.0,2319.0,10178.0,7149.0,542.0,128.0,4502.0,846.0,76003.0,252.0,14365.0
2013-09-01,1175.0,22192.0,2062.0,,3171.0,6744.0,2241.0,2466.0,12517.0,8384.0,535.0,139.0,5369.0,1150.0,88029.0,388.0,17210.0
2013-09-02,1931.0,29221.0,2652.0,,4545.0,9207.0,3679.0,3195.0,18920.0,12084.0,957.0,206.0,8732.0,2176.0,116037.0,447.0,23076.0
2013-09-03,2542.0,32922.0,3048.0,,5768.0,10088.0,3879.0,3915.0,24989.0,14887.0,1178.0,204.0,10833.0,3254.0,130260.0,416.0,25009.0
2013-09-04,2613.0,34126.0,2973.0,,5824.0,10291.0,3932.0,3899.0,25739.0,15964.0,1268.0,293.0,11054.0,3123.0,130576.0,409.0,24303.0
2013-09-05,2399.0,33500.0,2717.0,,5166.0,9862.0,3668.0,3803.0,24706.0,15311.0,1210.0,202.0,11052.0,3312.0,126971.0,384.0,23669.0
2013-09-06,1674.0,29469.0,2541.0,,4495.0,8034.0,3135.0,3142.0,19365.0,11343.0,1202.0,190.0,8952.0,2808.0,110247.0,303.0,18999.0
2013-09-07,1112.0,23176.0,2020.0,,2867.0,5772.0,2300.0,2544.0,24423.0,10777.0,892.0,144.0,5033.0,1046.0,90194.0,303.0,13759.0
2013-09-08,1276.0,24709.0,2227.0,,3544.0,6392.0,2228.0,2739.0,19067.0,14777.0,644.0,171.0,5641.0,1229.0,101049.0,292.0,16620.0
2013-09-09,2244.0,35425.0,3012.0,,5007.0,9848.0,3644.0,4119.0,35181.0,27594.0,1529.0,296.0,10657.0,2911.0,131099.0,418.0,23661.0
2013-09-10,2399.0,33954.0,2859.0,,5316.0,9743.0,3598.0,4298.0,23910.0,13726.0,1352.0,301.0,10783.0,3031.0,135007.0,422.0,22182.0
2013-09-11,2387.0,33386.0,3097.0,,5042.0,9827.0,3483.0,3991.0,26491.0,15381.0,1292.0,275.0,10812.0,3049.0,130771.0,417.0,21665.0
2013-09-12,2493.0,34666.0,2951.0,,5322.0,9899.0,4430.0,4387.0,23439.0,16234.0,1442.0,261.0,11030.0,3281.0,134493.0,480.0,23479.0
2013-09-13,2212.0,25685.0,2288.0,,4528.0,8272.0,2912.0,3644.0,20740.0,12095.0,1123.0,196.0,9488.0,2740.0,118533.0,509.0,20876.0
2013-09-14,1293.0,18531.0,1163.0,,3210.0,5847.0,2207.0,2593.0,18797.0,12649.0,731.0,120.0,5119.0,976.0,85869.0,312.0,14490.0
2013-09-15,1520.0,21387.0,1375.0,,5149.0,6854.0,2250.0,3449.0,14521.0,10463.0,618.0,169.0,5701.0,1489.0,99340.0,352.0,17632.0
2013-09-16,2325.0,29823.0,2415.0,,7949.0,10477.0,3655.0,4326.0,23943.0,17657.0,1285.0,280.0,11193.0,3201.0,133283.0,488.0,24700.0
2013-09-17,2376.0,30169.0,2339.0,,8171.0,10633.0,3865.0,4392.0,22892.0,15160.0,1280.0,308.0,10917.0,3294.0,133537.0,430.0,24491.0
2013-09-18,2496.0,28706.0,2252.0,,7458.0,9973.0,3560.0,4394.0,22760.0,13315.0,1301.0,237.0,10828.0,3214.0,130582.0,413.0,22488.0
2013-09-19,2181.0,24355.0,1971.0,,6549.0,7926.0,3305.0,3532.0,19209.0,11551.0,1059.0,224.0,9491.0,2663.0,111212.0,399.0,18644.0
2013-09-20,2247.0,25387.0,1940.0,,7448.0,9306.0,3185.0,3351.0,23117.0,13458.0,1191.0,193.0,9391.0,2736.0,117002.0,390.0,22323.0
2013-09-21,1235.0,19280.0,1290.0,,6984.0,7810.0,2042.0,2512.0,11305.0,8566.0,927.0,134.0,5309.0,986.0,91742.0,325.0,16872.0
2013-09-22,1359.0,20994.0,1408.0,,7267.0,8201.0,2295.0,3070.0,13036.0,8907.0,698.0,182.0,6036.0,1260.0,99576.0,329.0,18203.0
2013-09-23,2459.0,29687.0,2258.0,,8492.0,10824.0,3954.0,4087.0,24425.0,14439.0,1337.0,232.0,10982.0,3209.0,131315.0,425.0,25388.0
2013-09-24,2453.0,30802.0,2249.0,,9164.0,11539.0,3994.0,4122.0,30606.0,18301.0,1423.0,246.0,11065.0,2803.0,136159.0,481.0,25860.0
2013-09-25,2344.0,30217.0,2249.0,,10598.0,11146.0,3982.0,4213.0,25179.0,13966.0,1321.0,285.0,11437.0,3049.0,132414.0,533.0,25229.0
2013-09-26,2469.0,30547.0,2253.0,,8549.0,11256.0,4213.0,4274.0,24533.0,14781.0,1505.0,241.0,11496.0,3491.0,132103.0,572.0,25225.0
2013-09-27,2162.0,27681.0,2097.0,,7993.0,9685.0,3701.0,3564.0,22982.0,15345.0,1345.0,226.0,10467.0,2723.0,120902.0,421.0,21856.0
2013-09-28,1220.0,19151.0,1860.0,,6674.0,7750.0,2162.0,2429.0,12768.0,8123.0,1101.0,147.0,5561.0,1114.0,90023.0,347.0,17685.0
2013-09-29,1389.0,21673.0,2364.0,,7516.0,7995.0,2446.0,3447.0,12664.0,9838.0,1049.0,181.0,6558.0,1342.0,105859.0,347.0,18578.0
2013-09-30,2214.0,30839.0,4351.0,,8316.0,10541.0,3703.0,4234.0,33111.0,20049.0,1584.0,246.0,11921.0,3454.0,134150.0,584.0,23537.0
2013-10-01,2431.0,29065.0,4018.0,,6024.0,9887.0,3709.0,4265.0,27833.0,17246.0,1679.0,213.0,11945.0,3237.0,132840.0,458.0,22330.0
2013-10-02,2233.0,31749.0,6069.0,,4969.0,9540.0,3988.0,4079.0,25572.0,14559.0,1572.0,279.0,13183.0,3278.0,155420.0,442.0,22460.0
2013-10-03,2041.0,29068.0,4348.0,,4778.0,9397.0,3539.0,3589.0,21004.0,13063.0,2615.0,235.0,11253.0,2958.0,140717.0,442.0,21075.0
2013-10-04,1874.0,26700.0,3692.0,,4333.0,8199.0,3466.0,3674.0,20352.0,12875.0,1426.0,182.0,10255.0,2760.0,151337.0,475.0,20848.0
2013-10-05,1329.0,19644.0,2073.0,,3332.0,5944.0,2545.0,2621.0,11608.0,7579.0,1235.0,137.0,6009.0,1131.0,110003.0,302.0,15244.0
2013-10-06,1356.0,22314.0,2514.0,,3547.0,6444.0,2627.0,3408.0,13083.0,8434.0,858.0,178.0,6593.0,1327.0,121816.0,384.0,17055.0
2013-10-07,2261.0,31311.0,4974.0,,5040.0,10371.0,4269.0,4487.0,24009.0,14792.0,1876.0,250.0,12342.0,3100.0,139173.0,571.0,23949.0
2013-10-08,2365.0,32785.0,4526.0,,5956.0,10758.0,4534.0,4598.0,24508.0,14595.0,1827.0,252.0,12629.0,3569.0,141207.0,601.0,24570.0
2013-10-09,2524.0,33127.0,4971.0,,6220.0,10753.0,4257.0,4448.0,24981.0,14424.0,1985.0,245.0,12717.0,3457.0,143151.0,611.0,24695.0
2013-10-10,2623.0,32168.0,4827.0,,5737.0,10227.0,3994.0,4102.0,29592.0,18981.0,1869.0,239.0,12938.0,3350.0,143824.0,512.0,24395.0
2013-10-11,2395.0,29135.0,4072.0,,5155.0,9885.0,3487.0,4015.0,29642.0,19360.0,1823.0,235.0,11394.0,2785.0,128904.0,472.0,25139.0
2013-10-12,1279.0,19975.0,2470.0,,3615.0,6540.0,2417.0,2709.0,11538.0,7733.0,1041.0,143.0,6043.0,1134.0,92637.0,322.0,17513.0
2013-10-13,2511.0,22263.0,2629.0,,3787.0,7053.0,2407.0,3127.0,13890.0,8796.0,869.0,165.0,6972.0,1273.0,102020.0,440.0,18697.0
2013-10-14,2290.0,30871.0,4860.0,,5203.0,10546.0,3769.0,4309.0,24490.0,14108.0,1546.0,298.0,11777.0,3267.0,136338.0,527.0,28576.0
2013-10-15,2553.0,32274.0,5472.0,,6493.0,10628.0,4004.0,4769.0,25734.0,14493.0,1771.0,259.0,12596.0,3506.0,144929.0,529.0,26446.0
2013-10-16,2843.0,32666.0,4954.0,,5997.0,11038.0,4266.0,5299.0,27427.0,16296.0,1742.0,255.0,13011.0,3811.0,146297.0,514.0,26492.0
2013-10-17,2962.0,32116.0,4683.0,,5741.0,10871.0,4514.0,4638.0,35560.0,20983.0,1939.0,242.0,12778.0,3802.0,147284.0,461.0,25118.0
2013-10-18,2351.0,29800.0,4481.0,,6822.0,9284.0,3347.0,4764.0,22452.0,13726.0,1682.0,246.0,11686.0,3052.0,127701.0,434.0,25084.0
2013-10-19,1387.0,20229.0,2258.0,,4228.0,6675.0,2418.0,3217.0,12017.0,8696.0,1165.0,149.0,6018.0,1059.0,96193.0,316.0,17161.0
2013-10-20,1677.0,23351.0,3374.0,,4483.0,7280.0,2911.0,3906.0,14439.0,10735.0,1061.0,212.0,6886.0,1228.0,116003.0,398.0,19210.0
2013-10-21,2743.0,33453.0,5113.0,,6431.0,11026.0,4483.0,4833.0,25652.0,14904.0,1930.0,308.0,13079.0,3434.0,147506.0,512.0,26329.0
2013-10-22,2953.0,33185.0,5157.0,,5890.0,11221.0,4667.0,4400.0,25768.0,15677.0,1669.0,282.0,13405.0,3530.0,146307.0,453.0,26326.0
2013-10-23,2666.0,34008.0,4665.0,,5855.0,11029.0,4493.0,4644.0,28588.0,17795.0,2356.0,284.0,13203.0,3468.0,147903.0,496.0,29430.0
2013-10-24,2413.0,30463.0,4869.0,,5768.0,10396.0,4393.0,4169.0,29699.0,19831.0,1685.0,253.0,12797.0,3184.0,138989.0,563.0,24917.0
2013-10-25,2121.0,30746.0,5107.0,,5597.0,9265.0,3819.0,4271.0,22310.0,13452.0,1787.0,227.0,11538.0,2697.0,132912.0,525.0,23296.0
2013-10-26,1324.0,20637.0,2625.0,,3938.0,6611.0,2150.0,3132.0,12751.0,9172.0,1341.0,178.0,6463.0,1162.0,100650.0,356.0,16419.0
2013-10-27,1904.0,24988.0,2867.0,,4078.0,7423.0,2839.0,3932.0,14548.0,10361.0,1031.0,178.0,7730.0,1345.0,115007.0,471.0,19650.0
2013-10-28,3332.0,41007.0,7528.0,,6661.0,11071.0,4505.0,4613.0,26374.0,15955.0,1780.0,335.0,13847.0,3336.0,150926.0,590.0,27170.0
2013-10-29,2771.0,35034.0,8023.0,,6906.0,11786.0,4686.0,4352.0,27198.0,15948.0,1964.0,306.0,13156.0,3300.0,154086.0,565.0,28464.0
2013-10-30,2834.0,32910.0,7264.0,,6883.0,11852.0,4249.0,5096.0,33112.0,22936.0,1732.0,295.0,13758.0,3548.0,153854.0,587.0,28335.0
2013-10-31,2947.0,32884.0,4826.0,,5762.0,10603.0,4123.0,4386.0,28189.0,17355.0,1846.0,251.0,12896.0,3438.0,148755.0,533.0,26428.0
2013-11-01,2310.0,29268.0,4185.0,,6366.0,8892.0,3208.0,3734.0,22978.0,15564.0,1543.0,218.0,11046.0,2831.0,124827.0,558.0,22006.0
2013-11-02,1516.0,21902.0,2904.0,,5581.0,6860.0,2359.0,2982.0,13783.0,10400.0,1132.0,142.0,6681.0,1016.0,99588.0,387.0,16552.0
2013-11-03,1502.0,25522.0,2998.0,,4770.0,8622.0,2479.0,3705.0,15099.0,10302.0,1145.0,184.0,7872.0,1596.0,116131.0,476.0,20326.0
2013-11-04,2450.0,34512.0,6115.0,,5839.0,12386.0,3972.0,4950.0,26469.0,16761.0,1955.0,262.0,13497.0,3419.0,154082.0,524.0,27753.0
2013-11-05,2855.0,35312.0,5300.0,,6156.0,11550.0,4125.0,5011.0,29161.0,19606.0,2049.0,274.0,14867.0,3764.0,158809.0,593.0,28180.0
2013-11-06,2824.0,34814.0,5526.0,,7688.0,11991.0,4883.0,4812.0,33358.0,18572.0,2002.0,267.0,14211.0,3920.0,158722.0,591.0,28803.0
2013-11-07,2765.0,33662.0,6542.0,,6687.0,11298.0,4917.0,4445.0,27732.0,16235.0,2020.0,294.0,13838.0,4013.0,154243.0,496.0,27939.0
2013-11-08,2449.0,31126.0,4912.0,,6436.0,10072.0,4196.0,4390.0,23039.0,14005.0,2204.0,229.0,12403.0,3377.0,136947.0,614.0,24696.0
2013-11-09,1442.0,22608.0,3020.0,,4753.0,7298.0,2548.0,3069.0,14159.0,11310.0,1465.0,153.0,7454.0,1239.0,108053.0,398.0,17963.0
2013-11-10,1554.0,25477.0,3539.0,,6766.0,8030.0,3097.0,3541.0,15687.0,19898.0,1224.0,186.0,7599.0,1473.0,118401.0,416.0,21201.0
2013-11-11,2606.0,33835.0,5076.0,,6578.0,11453.0,4628.0,4571.0,28189.0,18072.0,1895.0,274.0,13608.0,3432.0,150941.0,484.0,28429.0
2013-11-12,2838.0,33412.0,5093.0,,10193.0,11174.0,4937.0,4507.0,32291.0,22879.0,2179.0,276.0,13779.0,3585.0,151554.0,524.0,27716.0
2013-11-13,2895.0,33991.0,5122.0,,23332.0,11298.0,4637.0,4561.0,29317.0,18970.0,2120.0,297.0,14000.0,3523.0,158376.0,580.0,26796.0
2013-11-14,4185.0,33787.0,5364.0,,37823.0,11623.0,4988.0,4995.0,26850.0,16913.0,2192.0,325.0,14509.0,3883.0,160790.0,577.0,27663.0
2013-11-15,2447.0,29737.0,4377.0,,5483.0,9771.0,3920.0,4150.0,22002.0,13537.0,1961.0,269.0,11901.0,2843.0,140972.0,475.0,23731.0
2013-11-16,1328.0,22750.0,2619.0,,4038.0,6980.0,2828.0,3077.0,12833.0,9631.0,1451.0,140.0,6671.0,1115.0,106914.0,352.0,16855.0
2013-11-17,1721.0,25787.0,3117.0,,4205.0,8374.0,2685.0,2753.0,21025.0,13425.0,1243.0,220.0,7919.0,1526.0,126051.0,410.0,20704.0
2013-11-18,2564.0,36057.0,4828.0,,6484.0,11442.0,4934.0,4631.0,30189.0,19041.0,2113.0,317.0,14260.0,3513.0,164925.0,580.0,28535.0
2013-11-19,2659.0,36346.0,6181.0,,6268.0,12129.0,4930.0,4226.0,34274.0,33194.0,2014.0,298.0,15015.0,3409.0,163090.0,629.0,28433.0
2013-11-20,2567.0,35607.0,5270.0,,7306.0,11739.0,4659.0,4414.0,30388.0,19299.0,2066.0,321.0,14381.0,3354.0,163553.0,549.0,29948.0
2013-11-21,2475.0,35008.0,5790.0,,6434.0,11552.0,4923.0,4162.0,29538.0,18877.0,1920.0,251.0,14689.0,3729.0,160690.0,536.0,30274.0
2013-11-22,2237.0,30765.0,4928.0,,4050.0,9894.0,4197.0,4005.0,24666.0,17383.0,1638.0,236.0,12256.0,2942.0,140669.0,525.0,24165.0
2013-11-23,1370.0,22589.0,2910.0,,,7195.0,2901.0,3123.0,12942.0,8830.0,1362.0,204.0,6720.0,1174.0,110771.0,412.0,17382.0
2013-11-24,1739.0,25462.0,3088.0,,,8340.0,2929.0,3357.0,16243.0,11192.0,1053.0,209.0,8193.0,1449.0,126171.0,455.0,20805.0
2013-11-25,2706.0,34750.0,5174.0,,,11233.0,4551.0,4315.0,27821.0,20062.0,1793.0,274.0,13426.0,3737.0,159858.0,488.0,27980.0
2013-11-26,2963.0,34915.0,5050.0,,,11549.0,4924.0,4540.0,28883.0,21742.0,1948.0,261.0,13841.0,3907.0,166723.0,718.0,29378.0
2013-11-27,2561.0,33884.0,5331.0,,,11193.0,4360.0,4673.0,28280.0,18476.0,1584.0,263.0,12970.0,3377.0,153237.0,589.0,27198.0
2013-11-28,1896.0,28353.0,4814.0,,,9356.0,3787.0,3809.0,20356.0,12966.0,1326.0,208.0,10324.0,2419.0,130289.0,447.0,23852.0
2013-11-29,1797.0,25846.0,3536.0,,,8499.0,3187.0,3236.0,18988.0,11904.0,1202.0,196.0,9447.0,1914.0,121040.0,512.0,21055.0
2013-11-30,1718.0,20607.0,2203.0,,,7038.0,3094.0,2661.0,12965.0,8844.0,906.0,124.0,6563.0,1071.0,101473.0,393.0,17916.0
2013-12-01,1870.0,23896.0,2914.0,,,8142.0,6448.0,3072.0,15863.0,10431.0,1065.0,155.0,7817.0,1271.0,118911.0,469.0,21460.0
2013-12-02,3112.0,35502.0,4928.0,,,12152.0,7070.0,4922.0,28861.0,16228.0,1691.0,306.0,15077.0,4248.0,162689.0,614.0,31025.0
2013-12-03,2876.0,35301.0,5599.0,,,11791.0,5711.0,4818.0,29274.0,17215.0,1824.0,271.0,14908.0,3706.0,169188.0,511.0,30933.0
2013-12-04,3042.0,33864.0,6136.0,,,11695.0,4631.0,4555.0,29567.0,17248.0,1795.0,290.0,14863.0,3737.0,172308.0,624.0,28081.0
2013-12-05,2765.0,33068.0,5441.0,,,12136.0,5414.0,3980.0,29522.0,18177.0,1912.0,296.0,14794.0,4102.0,163118.0,621.0,29120.0
2013-12-06,2545.0,29029.0,4938.0,,,9896.0,5553.0,3700.0,28499.0,17081.0,1607.0,264.0,12564.0,3591.0,144737.0,563.0,24301.0
2013-12-07,1532.0,21587.0,3181.0,,,6852.0,5847.0,3107.0,14264.0,10521.0,933.0,151.0,7249.0,1164.0,109996.0,410.0,17479.0
2013-12-08,1768.0,25065.0,3129.0,,,8019.0,4133.0,3765.0,18653.0,12319.0,896.0,195.0,8345.0,1473.0,127513.0,517.0,20981.0
2013-12-09,2860.0,33197.0,5197.0,,,11396.0,5472.0,4836.0,29159.0,18171.0,1553.0,310.0,14651.0,4106.0,168002.0,600.0,30724.0
2013-12-10,2685.0,35356.0,5974.0,,,12028.0,6372.0,4398.0,31876.0,18090.0,1635.0,304.0,15603.0,3975.0,168586.0,596.0,31100.0
2013-12-11,2806.0,33618.0,5267.0,,1.0,11082.0,4708.0,4020.0,31062.0,17647.0,1634.0,306.0,13877.0,3557.0,160006.0,652.0,27991.0
2013-12-12,2714.0,31841.0,5118.0,,,10687.0,4340.0,4132.0,37023.0,18621.0,1481.0,346.0,13786.0,3673.0,156247.0,546.0,27327.0
2013-12-13,2343.0,29514.0,4333.0,,,9047.0,3343.0,3577.0,23322.0,13805.0,1400.0,251.0,11908.0,2932.0,137605.0,552.0,24661.0
2013-12-14,1447.0,21347.0,2805.0,,,6673.0,2232.0,2474.0,28621.0,12675.0,924.0,147.0,6584.0,1289.0,103414.0,322.0,17848.0
2013-12-15,1592.0,23228.0,2991.0,,,7667.0,2696.0,2851.0,23174.0,11979.0,852.0,180.0,7417.0,1618.0,119342.0,412.0,20710.0
2013-12-16,2790.0,32662.0,5368.0,,,10822.0,4461.0,4039.0,28012.0,18044.0,1402.0,340.0,14083.0,3961.0,156264.0,622.0,27529.0
2013-12-17,2832.0,33440.0,5680.0,,,11179.0,4449.0,4184.0,29074.0,17418.0,1308.0,293.0,14021.0,3849.0,155928.0,658.0,31360.0
2013-12-18,2974.0,42148.0,5502.0,,,10968.0,4569.0,3826.0,27452.0,16087.0,1285.0,319.0,13609.0,3938.0,152828.0,665.0,29532.0
2013-12-19,2715.0,31751.0,5174.0,,,10831.0,3886.0,3565.0,25726.0,20493.0,1343.0,360.0,13377.0,3396.0,145351.0,611.0,28949.0
2013-12-20,2257.0,26540.0,6980.0,,,8611.0,3569.0,3017.0,21841.0,15002.0,947.0,241.0,11882.0,2706.0,124783.0,649.0,22641.0
2013-12-21,1380.0,18968.0,2298.0,,,6192.0,2144.0,2292.0,12149.0,8457.0,635.0,138.0,5944.0,993.0,86289.0,386.0,16560.0
2013-12-22,1568.0,21049.0,3123.0,,,7192.0,2754.0,2410.0,13511.0,11572.0,608.0,201.0,6460.0,1190.0,97335.0,413.0,19743.0
2013-12-23,1963.0,26055.0,4036.0,,,9133.0,3245.0,3096.0,19048.0,11618.0,833.0,210.0,9174.0,2357.0,115627.0,441.0,24121.0
2013-12-24,1413.0,19954.0,2441.0,,,7182.0,2344.0,2413.0,13064.0,8731.0,592.0,135.0,6363.0,1451.0,86974.0,422.0,19340.0
2013-12-25,968.0,18371.0,1870.0,,,6575.0,1923.0,2204.0,9499.0,7175.0,464.0,97.0,5358.0,868.0,78048.0,278.0,18344.0
2013-12-26,1539.0,23339.0,2953.0,,,8318.0,2642.0,2988.0,14888.0,11506.0,708.0,156.0,7372.0,1805.0,100134.0,414.0,22060.0
2013-12-27,1547.0,23418.0,3476.0,,,7854.0,2691.0,2791.0,18196.0,12513.0,648.0,204.0,8047.0,1673.0,101731.0,474.0,19903.0
2013-12-28,1298.0,18744.0,2586.0,,,6057.0,1923.0,2360.0,12609.0,8706.0,511.0,143.0,5529.0,1227.0,88509.0,441.0,17925.0
2013-12-29,1306.0,20816.0,2807.0,,,6897.0,2312.0,2784.0,13677.0,12508.0,584.0,187.0,6339.0,1149.0,97132.0,405.0,21063.0
2013-12-30,2139.0,25010.0,3773.0,,,9216.0,2863.0,2860.0,19854.0,13306.0,787.0,182.0,9358.0,2149.0,117271.0,512.0,23970.0
2013-12-31,1454.0,19861.0,2541.0,,,6166.0,2037.0,2114.0,13635.0,8847.0,433.0,154.0,6851.0,1342.0,87803.0,432.0,17011.0
